feature,importance
num__obs_troponin_delta,0.06677657
num__obs_troponin_slope,0.049732905
num__obs_troponin_last,0.037155155
num__obs_creatinine_n,0.025650045
num__obs_spo2_last,0.021821307
cat__urgency_elective_inpatient,0.01743885
num__obs_heart_rate_last,0.016175354
num__obs_crp_max,0.014086917
num__obs_creatinine_mean,0.013195924
cat__urgency_expedited,0.011225162
num__obs_crp_range,0.00929674
num__obs_troponin_range,0.009284542
num__obs_lactate_max,0.009075687
num__asa_class,0.0087782815
cat__urgency_emergency,0.008529391
num__obs_resp_rate_last,0.008120669
num__obs_glucose_range,0.007862355
cat__urgency_urgent,0.007849165
num__obs_lactate_delta,0.007800748
num__obs_heart_rate_delta,0.007659664
num__obs_creatinine_max,0.0074638375
num__obs_crp_min,0.007245054
num__obs_crp_mean,0.0069258143
num__obs_crp_std,0.006853671
num__obs_spo2_mean,0.0066732573
num__obs_lactate_slope,0.0066375644
num__obs_lactate_mean,0.0066309255
num__medclass_antibiotic_count,0.00644146
num__obs_glucose_std,0.0062585203
num__obs_heart_rate_slope,0.006228813
